menu_id,restaurant_id,nombre
1,32,Menú Especial 1
2,17,Menú Especial 2
3,8,Menú Especial 3
4,45,Menú Especial 4
5,47,Menú Especial 5
6,1,Menú Especial 6
7,39,Menú Especial 7
8,40,Menú Especial 8
9,42,Menú Especial 9
10,1,Menú Especial 10
11,37,Menú Especial 11
12,30,Menú Especial 12
13,18,Menú Especial 13
14,38,Menú Especial 14
15,33,Menú Especial 15
16,46,Menú Especial 16
17,9,Menú Especial 17
18,13,Menú Especial 18
19,30,Menú Especial 19
20,12,Menú Especial 20
21,4,Menú Especial 21
22,17,Menú Especial 22
23,14,Menú Especial 23
24,14,Menú Especial 24
25,28,Menú Especial 25
26,4,Menú Especial 26
27,21,Menú Especial 27
28,27,Menú Especial 28
29,21,Menú Especial 29
30,40,Menú Especial 30
31,46,Menú Especial 31
32,20,Menú Especial 32
33,17,Menú Especial 33
34,49,Menú Especial 34
35,47,Menú Especial 35
36,13,Menú Especial 36
37,46,Menú Especial 37
38,47,Menú Especial 38
39,31,Menú Especial 39
40,17,Menú Especial 40
41,13,Menú Especial 41
42,41,Menú Especial 42
43,45,Menú Especial 43
44,15,Menú Especial 44
45,30,Menú Especial 45
46,27,Menú Especial 46
47,22,Menú Especial 47
48,24,Menú Especial 48
49,22,Menú Especial 49
50,30,Menú Especial 50
51,39,Menú Especial 51
52,46,Menú Especial 52
53,33,Menú Especial 53
54,37,Menú Especial 54
55,44,Menú Especial 55
56,4,Menú Especial 56
57,13,Menú Especial 57
58,3,Menú Especial 58
59,42,Menú Especial 59
60,41,Menú Especial 60
61,24,Menú Especial 61
62,35,Menú Especial 62
63,35,Menú Especial 63
64,41,Menú Especial 64
65,18,Menú Especial 65
66,18,Menú Especial 66
67,24,Menú Especial 67
68,7,Menú Especial 68
69,26,Menú Especial 69
70,24,Menú Especial 70
71,14,Menú Especial 71
72,48,Menú Especial 72
73,31,Menú Especial 73
74,14,Menú Especial 74
75,22,Menú Especial 75
76,22,Menú Especial 76
77,5,Menú Especial 77
78,16,Menú Especial 78
79,36,Menú Especial 79
80,14,Menú Especial 80
81,17,Menú Especial 81
82,47,Menú Especial 82
83,43,Menú Especial 83
84,24,Menú Especial 84
85,2,Menú Especial 85
86,50,Menú Especial 86
87,17,Menú Especial 87
88,33,Menú Especial 88
89,9,Menú Especial 89
90,39,Menú Especial 90
91,13,Menú Especial 91
92,44,Menú Especial 92
93,12,Menú Especial 93
94,23,Menú Especial 94
95,41,Menú Especial 95
96,46,Menú Especial 96
97,25,Menú Especial 97
98,38,Menú Especial 98
99,17,Menú Especial 99
100,43,Menú Especial 100
101,40,Menú Especial 101
102,49,Menú Especial 102
103,24,Menú Especial 103
104,41,Menú Especial 104
105,50,Menú Especial 105
106,45,Menú Especial 106
107,27,Menú Especial 107
108,24,Menú Especial 108
109,22,Menú Especial 109
110,35,Menú Especial 110
111,38,Menú Especial 111
112,12,Menú Especial 112
113,32,Menú Especial 113
114,23,Menú Especial 114
115,38,Menú Especial 115
116,41,Menú Especial 116
117,24,Menú Especial 117
118,11,Menú Especial 118
119,48,Menú Especial 119
120,25,Menú Especial 120
121,3,Menú Especial 121
122,28,Menú Especial 122
123,26,Menú Especial 123
124,33,Menú Especial 124
125,42,Menú Especial 125
126,27,Menú Especial 126
127,28,Menú Especial 127
128,22,Menú Especial 128
129,29,Menú Especial 129
130,15,Menú Especial 130
131,11,Menú Especial 131
132,22,Menú Especial 132
133,50,Menú Especial 133
134,47,Menú Especial 134
135,6,Menú Especial 135
136,10,Menú Especial 136
137,18,Menú Especial 137
138,23,Menú Especial 138
139,18,Menú Especial 139
140,4,Menú Especial 140
141,38,Menú Especial 141
142,36,Menú Especial 142
143,18,Menú Especial 143
144,10,Menú Especial 144
145,29,Menú Especial 145
146,22,Menú Especial 146
147,23,Menú Especial 147
148,6,Menú Especial 148
149,38,Menú Especial 149
150,31,Menú Especial 150
151,8,Menú Especial 151
152,14,Menú Especial 152
153,35,Menú Especial 153
154,31,Menú Especial 154
155,40,Menú Especial 155
156,28,Menú Especial 156
157,39,Menú Especial 157
158,14,Menú Especial 158
159,9,Menú Especial 159
160,6,Menú Especial 160
161,49,Menú Especial 161
162,11,Menú Especial 162
163,39,Menú Especial 163
164,42,Menú Especial 164
165,46,Menú Especial 165
166,49,Menú Especial 166
167,24,Menú Especial 167
168,32,Menú Especial 168
169,31,Menú Especial 169
170,41,Menú Especial 170
171,26,Menú Especial 171
172,29,Menú Especial 172
173,42,Menú Especial 173
174,7,Menú Especial 174
175,2,Menú Especial 175
176,24,Menú Especial 176
177,42,Menú Especial 177
178,28,Menú Especial 178
179,8,Menú Especial 179
180,8,Menú Especial 180
181,16,Menú Especial 181
182,27,Menú Especial 182
183,39,Menú Especial 183
184,40,Menú Especial 184
185,36,Menú Especial 185
186,1,Menú Especial 186
187,30,Menú Especial 187
188,4,Menú Especial 188
189,34,Menú Especial 189
190,29,Menú Especial 190
191,22,Menú Especial 191
192,24,Menú Especial 192
193,29,Menú Especial 193
194,14,Menú Especial 194
195,45,Menú Especial 195
196,26,Menú Especial 196
197,41,Menú Especial 197
198,16,Menú Especial 198
199,19,Menú Especial 199
200,3,Menú Especial 200
